academicpages	https://academicpages.github.io	200	200
al-folio	https://alshedivat.github.io/al-folio/	200	200
webops	https://the.webops.club/personal-website-template	000FAIL	000FAIL
yenchiah	https://yenchiah.github.io/project-website-template/	301	200
blowfish	https://blowfish.page	200	200
hugoblox	https://hugoblox.com	200	200
papermod	https://adityatelange.github.io/hugo-PaperMod/	200	200
astro-paper	https://astro-paper.pages.dev/	200	200
astro-framework	https://astro.build	200	200
chirpy	https://chirpy.cotes.page	200	200
minimal-mistakes	https://mmistakes.github.io/minimal-mistakes/	200	200
jekyll	https://jekyllrb.com	000FAIL	200
buildawesome	https://build.awesome.me/	200	200
sanity-template	https://template-nextjs-personal-website.sanity.build	308	200
react-resume	https://reactresume.com	200	200
johoop	https://jolienhoop.com	200	200
hashirshoaeb	https://hashirshoaeb.github.io/home	301	404
varadbhogayata	https://varadbhogayata.github.io/	200	200
devportfolio	https://ryanfitzgerald.github.io/devportfolio	301	200
sb-creative	https://startbootstrap.com/theme/creative	200	200
pico	https://picocss.com	200	200
water.css	https://watercss.kognise.dev	200	200
simple.css	https://simplecss.org	200	200
pagefind	https://pagefind.app	200	200
giscus	https://giscus.app	200	200
astro-nano-demo	https://astro-nano-demo.vercel.app	000FAIL	000FAIL
sb-agency	https://startbootstrap.com/theme/agency/	200	200
nextjs	https://nextjs.org	200	200
zola	https://www.getzola.org	200	200
# 追加探测 2026-10-05 (raw=不跟随重定向/ -m15, follow=-sL -m20)
senli1073-demo	https://senli1073.github.io/	200	200
webops-retry	https://the.webops.club/personal-website-template	000 (rc=6 DNS)	000 (rc=6 DNS)
webops-root	https://the.webops.club	000 (rc=6 DNS)	000 (rc=6 DNS)
astro-nano-demo-retry	https://astro-nano-demo.vercel.app	000 (rc=28 timeout)	000 (rc=28 timeout)
astro-nano-gh-pages	https://markhorn-dev.github.io/astro-nano/	404	404
hugoblox-kit-repo-page	https://github.com/HugoBlox/kit	200	200
